cluster,location,status,property_type,price,capital_gain_pct,price_per_sqft,area_sqft,bedrooms,date,sold_by,possible_partial_or_nonstandard_sale,source_file,source_page,record_uid
Rivana,"Rivana, The Valley, Al Yufrah 1",Offplan,Villa,4000000.0,,1126.0,3634.0,4,2026-08-31,Individual (1 Time),False,"The Valley (All Phases), Al Yufrah 1-3.pdf",2,cd5fb819c5dd2cbbfd5ef3b0a1ac39995d4d09a8
Elora,"Elora, The Valley, Al Yufrah 1",Ready,Villa,3250000.0,55.0,1249.0,2620.0,4,2026-08-29,Individual (1 Time),False,"The Valley (All Phases), Al Yufrah 1-3.pdf",2,1fd2ee24fd4e7c9a79e44c6928b4bf56d2981632
Venera,"Venera, The Valley, Al Yufrah 1",Offplan,Villa,3015350.0,,1227.0,1940.0,3,2026-08-27,Individual (1 Time),False,"The Valley (All Phases), Al Yufrah 1-3.pdf",2,35cd178cf9400d0c6f0db0b6fa66fcbbfb2b08cc
Elora,"Elora, The Valley, Al Yufrah 1",Ready,Villa,3300000.0,52.0,1259.0,2470.0,4,2026-08-27,Individual (1 Time),False,"The Valley (All Phases), Al Yufrah 1-3.pdf",2,0292eb21ce2da3fd83e8255ef2bcfe66803d683a
Elva,"Elva, The Valley, Al Yufrah 1",Ready,Villa,212100.0,3.0,78.0,3918.0,4,2026-08-27,Individual (1 Time),True,"The Valley (All Phases), Al Yufrah 1-3.pdf",2,de875d1ad2764d47b4ab7808b47e964c85ebe246
Lillia,"Lillia, The Valley, Al Yufrah 1",Ready,Villa,3300000.0,6.0,1192.0,2515.0,4,2026-08-27,Individual (1 Time),False,"The Valley (All Phases), Al Yufrah 1-3.pdf",2,e76a1ece681130b96a70e14a5e91773ecc4a3df5
Rivera,"Rivera, The Valley, Al Yufrah 1",Offplan,Villa,4200000.0,-13.0,1139.0,3999.0,4,2026-08-27,Individual (1 Time),False,"The Valley (All Phases), Al Yufrah 1-3.pdf",2,78974709a4d744fff4b63cce266cdf5fa1a5b5b7
Elora,"Elora, The Valley, Al Yufrah 1",Ready,Villa,2625000.0,15.0,1249.0,1483.0,3,2026-08-27,Individual (2 Times),False,"The Valley (All Phases), Al Yufrah 1-3.pdf",2,c2248f35e2bec5f2a16146285ad89eea832d9937
Farm Grove,"Farm Grove, The Valley, Al Yufrah 1",Offplan,Villa,5097888.0,,1354.0,5831.0,4,2026-08-26,Individual (1 Time),False,"The Valley (All Phases), Al Yufrah 1-3.pdf",2,55691b2bf3130ecfa04ddb2636414f1c9684add9
Alana,"Alana, The Valley, Al Yufrah 1",Ready,Villa,4247888.0,,1027.0,3718.0,4,2026-08-26,Individual (1 Time),False,"The Valley (All Phases), Al Yufrah 1-3.pdf",2,ffbc295062d1888a5b94aaa2073a4ba261f3af35
Velora,"Velora, The Valley, Al Yufrah 1",Ready,Villa,3320888.0,,1350.0,1938.0,3,2026-08-25,Individual (1 Time),False,"The Valley (All Phases), Al Yufrah 1-3.pdf",2,2c4784c9d5b4eb5634e3fb5a9a6fc687d2c92b4b
Orania,"Orania, The Valley, Al Yufrah 1",Ready,Villa,3335000.0,67.0,1417.0,3165.0,4,2026-08-25,Individual (1 Time),False,"The Valley (All Phases), Al Yufrah 1-3.pdf",3,e10e924680976fdbf88f39a7bd54f6d7aedfd57b
Rivana,"Rivana, The Valley, Al Yufrah 1",Offplan,Villa,3820000.0,14.0,1078.0,3229.0,4,2026-08-24,Individual (1 Time),False,"The Valley (All Phases), Al Yufrah 1-3.pdf",3,9eca6dd26b464f3addf8fe819c574547746b1d9d
Orania,"Orania, The Valley, Al Yufrah 1",Ready,Villa,4000000.0,95.0,1750.0,3547.0,4,2026-08-24,Individual (1 Time),False,"The Valley (All Phases), Al Yufrah 1-3.pdf",3,d3b76b0801e47c4a2669cf99a9089952036a3209
Farm Gardens,"Farm Gardens, The Valley, Al Yufrah1",Ready,Villa,7500000.0,20.0,1515.0,8592.0,4,2026-08-24,Individual (2 Times),False,"The Valley (All Phases), Al Yufrah 1-3.pdf",3,55001270dbfd6763f5e4307d9200febb3fa8411d
Velora 2,"Velora 2, The Valley, Al Yufrah 1",Ready,Villa,2948888.0,,1200.0,1939.0,3,2026-08-21,Individual (1 Time),False,"The Valley (All Phases), Al Yufrah 1-3.pdf",3,65eb1fedefeeb37abc355cb97212ccb4dee18de2
Elora,"Elora, The Valley, Al Yufrah 1",Ready,Villa,2450000.0,16.0,1169.0,1483.0,3,2026-08-21,Individual (2 Times),False,"The Valley (All Phases), Al Yufrah 1-3.pdf",3,7f04fd2344e6c159b4354b1e8531aed95434296a
Elora,"Elora, The Valley, Al Yufrah 1",Ready,Villa,2400000.0,45.0,1117.0,1483.0,3,2026-08-21,Individual (1 Time),False,"The Valley (All Phases), Al Yufrah 1-3.pdf",3,0161c4c4edb0abf11b96024a57c2469991aff855
Elora,"Elora, The Valley, Al Yufrah 1",Ready,Villa,3400000.0,49.0,1298.0,2486.0,4,2026-08-20,Individual (1 Time),False,"The Valley (All Phases), Al Yufrah 1-3.pdf",3,e8decf7f0a5ba9f092c780f8e0505c1f5998b8c6
Venera,"Venera, The Valley, Al Yufrah 1",Offplan,Villa,2841888.0,,1130.0,1938.0,3,2026-08-20,Individual (1 Time),False,"The Valley (All Phases), Al Yufrah 1-3.pdf",3,5c5582e1201783f351cfabb2fe961898c8ac599a
Elora,"Elora, The Valley, Al Yufrah 1",Ready,Villa,3300000.0,57.0,1268.0,2713.0,4,2026-08-20,Individual (1 Time),False,"The Valley (All Phases), Al Yufrah 1-3.pdf",3,0bbda56812e85469f75c7d2cb2d79d75d0ade0bd
Venera,"Venera, The Valley, Al Yufrah 1",Offplan,Villa,3000000.0,-8.0,1099.0,2945.0,4,2026-08-19,Individual (1 Time),False,"The Valley (All Phases), Al Yufrah 1-3.pdf",3,6af51b299c41b5ecb352e939a8896848141430cb
Velora 2,"Velora 2, The Valley, Al Yufrah 1",Ready,Villa,2948888.0,,1200.0,1939.0,3,2026-08-18,Individual (1 Time),False,"The Valley (All Phases), Al Yufrah 1-3.pdf",3,299751f3bdbcf829c22a9766a9408df9e1ac9b25
Nima,"Nima, The Valley, Al Yufrah 1",Offplan,Villa,2770000.0,20.0,1165.0,1934.0,3,2026-08-18,Individual (1 Time),False,"The Valley (All Phases), Al Yufrah 1-3.pdf",3,8fac0a492a517bbfbfd17c7e777543aaa0307487
Venera,"Venera, The Valley, Al Yufrah 1",Offplan,Villa,3000000.0,-6.0,1098.0,2934.0,4,2026-08-18,Individual (1 Time),False,"The Valley (All Phases), Al Yufrah 1-3.pdf",4,401887dfe8acfc56fea41327009f9eb977fc27e1
Orania,"Orania, The Valley, Al Yufrah 1",Ready,Villa,2450000.0,59.0,1294.0,1873.0,3,2026-08-18,Individual (1 Time),False,"The Valley (All Phases), Al Yufrah 1-3.pdf",4,0711bf52a473e555b51d92d62a71e4ef6cd9e62a
Nima,"Nima, The Valley, Al Yufrah 1",Offplan,Villa,2550000.0,4.0,1086.0,2135.0,3,2026-08-17,Individual (2 Times),False,"The Valley (All Phases), Al Yufrah 1-3.pdf",4,034ddc0d0a781d344c8908e6e34c18e447f2a0be
Farm Gardens,"Farm Gardens, The Valley, Al Yufrah1",Ready,Villa,7200000.0,32.0,1455.0,9171.0,4,2026-08-17,Individual (1 Time),False,"The Valley (All Phases), Al Yufrah 1-3.pdf",4,734209cf69d842d33d97bc2a88e58f366b2b71cf
Rivana,"Rivana, The Valley, Al Yufrah 1",Offplan,Villa,3700000.0,11.0,1119.0,3549.0,4,2026-08-13,Individual (1 Time),False,"The Valley (All Phases), Al Yufrah 1-3.pdf",4,f3173d7b55cb257b60d02d22bd296b3ba92d001a
Elora,"Elora, The Valley, Al Yufrah 1",Ready,Villa,3500000.0,12.0,1336.0,3196.0,4,2026-08-13,Individual (2 Times),False,"The Valley (All Phases), Al Yufrah 1-3.pdf",4,fcb1819abc993d1b26abf3af182bb793c21c2d82
Lillia,"Lillia, The Valley, Al Yufrah 1",Ready,Villa,2450000.0,12.0,1148.0,1483.0,3,2026-08-11,Individual (1 Time),False,"The Valley (All Phases), Al Yufrah 1-3.pdf",4,4493a86e097bd2013f456751ad4a491d610f3112
Lillia,"Lillia, The Valley, Al Yufrah 1",Ready,Villa,2500000.0,14.0,1147.0,1483.0,3,2026-08-11,Individual (1 Time),False,"The Valley (All Phases), Al Yufrah 1-3.pdf",4,07566808864329457d0e00c853b1343bf5df305b
Elora,"Elora, The Valley, Al Yufrah 1",Ready,Villa,2570000.0,56.0,1227.0,1482.0,3,2026-08-11,Individual (1 Time),False,"The Valley (All Phases), Al Yufrah 1-3.pdf",4,af198ddfb2d80f0a7aeb249df0062a2d37bb9941
Nima,"Nima, The Valley, Al Yufrah 1",Offplan,Villa,2171888.0,,970.0,1873.0,3,2026-08-10,Individual (1 Time),False,"The Valley (All Phases), Al Yufrah 1-3.pdf",4,135aaa9e4f8a32592e9c6e7a4bcc955bc64318fa
Orania,"Orania, The Valley, Al Yufrah 1",Ready,Villa,2585000.0,68.0,1361.0,1873.0,3,2026-08-07,Individual (1 Time),False,"The Valley (All Phases), Al Yufrah 1-3.pdf",4,11a95702709a9b725d8a1c40f1dc0b48f96e65c7
Avena 2,"Avena 2, The Valley, Al Yufrah 1",Offplan,Villa,4391888.0,,1184.0,3304.0,4,2026-08-07,Individual (1 Time),False,"The Valley (All Phases), Al Yufrah 1-3.pdf",4,ce575b9d3695e329bae5e78f834371553f59af7c
Orania,"Orania, The Valley, Al Yufrah 1",Ready,Villa,2550000.0,-3.0,1347.0,1873.0,3,2026-08-07,Individual (2 Times),False,"The Valley (All Phases), Al Yufrah 1-3.pdf",4,34e78e169c8ac7e81e1a5408c2f1dd959b2ad65c
Farm Grove 2,"Farm Grove 2, The Valley, Al Yufrah 1",Offplan,Villa,6850000.0,-18.0,1127.0,7146.0,5,2026-08-06,Individual (1 Time),False,"The Valley (All Phases), Al Yufrah 1-3.pdf",5,ea9df622a65cc2314c5a37df6a3ca1b64f7f1989
Elora,"Elora, The Valley, Al Yufrah 1",Ready,Villa,3350000.0,12.0,1278.0,2613.0,4,2026-08-06,Individual (2 Times),False,"The Valley (All Phases), Al Yufrah 1-3.pdf",5,545aba897e93e2456c0691e6f99ac370b06f8325
Venera,"Venera, The Valley, Al Yufrah 1",Offplan,Villa,3285888.0,,1203.0,3228.0,4,2026-08-05,Individual (1 Time),False,"The Valley (All Phases), Al Yufrah 1-3.pdf",5,774c085373c07d060a238dc6a4dd601fd7925c38
Lillia,"Lillia, The Valley, Al Yufrah 1",Ready,Villa,2330000.0,6.0,1066.0,1483.0,3,2026-08-05,Individual (1 Time),False,"The Valley (All Phases), Al Yufrah 1-3.pdf",5,4f700087319a508f20912e826782fd834c245399
Talia,"Talia, The Valley, Al Yufrah 1",Ready,Villa,3350000.0,5.0,1493.0,2750.0,4,2026-08-05,Individual (3 Times),False,"The Valley (All Phases), Al Yufrah 1-3.pdf",5,a309e0fd517c227386b8188ffb2b95bdf6b51050
Nara,"Nara, The Valley, Al Yufrah 1",Ready,Villa,3300000.0,78.0,1476.0,2772.0,4,2026-08-05,Individual (2 Times),False,"The Valley (All Phases), Al Yufrah 1-3.pdf",5,79c2c2acb9562fb5d526fd91f673560fd4d168f4
Elora,"Elora, The Valley, Al Yufrah 1",Ready,Villa,2450000.0,40.0,1163.0,1481.0,3,2026-08-04,Individual (1 Time),False,"The Valley (All Phases), Al Yufrah 1-3.pdf",5,73308cbf6dce8b07b6f5738b67203b83f45dd3fa
Nara,"Nara, The Valley, Al Yufrah 1",Ready,Villa,2750000.0,38.0,1462.0,1873.0,3,2026-08-04,Individual (3 Times),False,"The Valley (All Phases), Al Yufrah 1-3.pdf",5,fabced5f33a858624ee174bffec758febd6dc32d
Alana,"Alana, The Valley, Al Yufrah 1",Ready,Villa,4000000.0,-6.0,955.0,3969.0,4,2026-08-03,Individual (1 Time),False,"The Valley (All Phases), Al Yufrah 1-3.pdf",5,0f7b6c618d375d6089545a8d5f245f97a8646001
Elva,"Elva, The Valley, Al Yufrah 1",Ready,Villa,3027888.0,,1252.0,1938.0,3,2026-07-31,Individual (1 Time),False,"The Valley (All Phases), Al Yufrah 1-3.pdf",5,f88f813c99f54bff45fd0560f5030127b38f4461
Eden,"Eden, The Valley, Al Yufrah 1",Ready,Villa,2750000.0,74.0,1402.0,1873.0,3,2026-07-31,Individual (2 Times),False,"The Valley (All Phases), Al Yufrah 1-3.pdf",5,dcd1303f2363002058ae3384ae95d1d1bde5f5bc
Nima,"Nima, The Valley, Al Yufrah 1",Offplan,Villa,2944888.0,,1098.0,3570.0,4,2026-07-27,Individual (1 Time),False,"The Valley (All Phases), Al Yufrah 1-3.pdf",5,3dad39e190397ceff1f75b16c554de5c83570ca0
Nima,"Nima, The Valley, Al Yufrah 1",Offplan,Villa,2400000.0,13.0,1009.0,1932.0,3,2026-07-27,Individual (1 Time),False,"The Valley (All Phases), Al Yufrah 1-3.pdf",5,7b0d0d0a6e765e50744436984b6d13ced7ce5156
Elora,"Elora, The Valley, Al Yufrah 1",Ready,Villa,2700000.0,62.0,1284.0,1483.0,3,2026-07-27,Individual (1 Time),False,"The Valley (All Phases), Al Yufrah 1-3.pdf",6,575539d981f9f372441210d9faddc50ea3fb7ad2
Elora,"Elora, The Valley, Al Yufrah 1",Ready,Villa,3250000.0,19.0,1249.0,2713.0,4,2026-07-27,Individual (2 Times),False,"The Valley (All Phases), Al Yufrah 1-3.pdf",6,6baf79598a459e471e5df5d83204f08ef81237f8
Lillia,"Lillia, The Valley, Al Yufrah 1",Ready,Villa,2340000.0,13.0,1070.0,1483.0,3,2026-07-27,Individual (1 Time),False,"The Valley (All Phases), Al Yufrah 1-3.pdf",6,565929401a9ba06d5357d946b7e427e2afb9edd0
Talia,"Talia, The Valley, Al Yufrah 1",Ready,Villa,2600000.0,16.0,1390.0,1873.0,3,2026-07-27,Individual (3 Times),False,"The Valley (All Phases), Al Yufrah 1-3.pdf",6,290991826120b85848f47f9333bc4335d8cc8ffb
Nara,"Nara, The Valley, Al Yufrah 1",Ready,Villa,2910000.0,10.0,1377.0,1873.0,3,2026-07-24,Individual (2 Times),False,"The Valley (All Phases), Al Yufrah 1-3.pdf",6,5043b8e20f9aecee6c02f6629575d0854c3e68a0
Talia,"Talia, The Valley, Al Yufrah 1",Ready,Villa,3030000.0,19.0,1438.0,1873.0,3,2026-07-24,Individual (2 Times),False,"The Valley (All Phases), Al Yufrah 1-3.pdf",6,b2fd8336b6fcd85285af5c28d78283484c6e67d9
Avena,"Avena, The Valley, Al Yufrah 1",Offplan,Villa,4433888.0,,1203.0,3301.0,4,2026-07-24,Individual (1 Time),False,"The Valley (All Phases), Al Yufrah 1-3.pdf",6,8d88376669609256696e2a9857cef7a459a76e7c
Orania,"Orania, The Valley, Al Yufrah 1",Ready,Villa,2600000.0,60.0,1312.0,1873.0,3,2026-07-23,Individual (1 Time),False,"The Valley (All Phases), Al Yufrah 1-3.pdf",6,7e26533d02cab4b617f7e607629e225e5f47fa3c
Farm Gardens 2,"Farm Gardens 2, The Valley, Al Yufrah 1",Offplan,Villa,9500000.0,-3.0,1177.0,9781.0,5,2026-07-23,Individual (1 Time),False,"The Valley (All Phases), Al Yufrah 1-3.pdf",6,18c3df91533658c0bf4e8b811924028127bffb4f
Orania,"Orania, The Valley, Al Yufrah 1",Ready,Villa,3300000.0,63.0,1402.0,2809.0,4,2026-07-23,Individual (1 Time),False,"The Valley (All Phases), Al Yufrah 1-3.pdf",6,31dd7615c815cf337c647ddd8ae0f1ccede5a300
Nima,"Nima, The Valley, Al Yufrah 1",Offplan,Villa,2314888.0,,974.0,1913.0,3,2026-07-22,Individual (1 Time),False,"The Valley (All Phases), Al Yufrah 1-3.pdf",6,1cd557f626465a1d7fd9518b5530247a5e0978ae
Orania,"Orania, The Valley, Al Yufrah 1",Ready,Villa,2680000.0,75.0,1397.0,1873.0,3,2026-07-22,Individual (1 Time),False,"The Valley (All Phases), Al Yufrah 1-3.pdf",6,4c48c277c95adce8585db1ef10b01f56625d604d
Orania,"Orania, The Valley, Al Yufrah 1",Ready,Villa,2780000.0,39.0,1417.0,1873.0,3,2026-07-22,Individual (2 Times),False,"The Valley (All Phases), Al Yufrah 1-3.pdf",6,3e86ff750facfc7f79afe869b4d1b6fb57ac9fbe
Farm Grove 2,"Farm Grove 2, The Valley, Al Yufrah 1",Offplan,Villa,4936888.0,,1315.0,3627.0,4,2026-07-21,Individual (1 Time),False,"The Valley (All Phases), Al Yufrah 1-3.pdf",7,536d59a7f5ebec267d6d3823c305c7a28873d2a7
Farm Grove 2,"Farm Grove 2, The Valley, Al Yufrah 1",Offplan,Villa,4837888.0,,1290.0,3524.0,4,2026-07-20,Individual (1 Time),False,"The Valley (All Phases), Al Yufrah 1-3.pdf",7,67d78c4df6661f3b0806576d770daa3eff08921d
Nara,"Nara, The Valley, Al Yufrah 1",Ready,Villa,3100000.0,76.0,1357.0,2761.0,4,2026-07-20,Individual (1 Time),False,"The Valley (All Phases), Al Yufrah 1-3.pdf",7,18320be8714cdcfd0db8cf6d798fb58c8e5ce15d
Alana,"Alana, The Valley, Al Yufrah 1",Ready,Villa,5944524.0,4.0,1194.0,6297.0,5,2026-07-20,Individual (1 Time),False,"The Valley (All Phases), Al Yufrah 1-3.pdf",7,37ff05022dee428cbae21acc1e542e07c72a718a
Lillia,"Lillia, The Valley, Al Yufrah 1",Offplan,Villa,2325000.0,10.0,1064.0,1483.0,3,2026-07-17,Individual (1 Time),False,"The Valley (All Phases), Al Yufrah 1-3.pdf",7,8e006fcd0da0d923995c4df19a9d123419251f6d
Venera,"Venera, The Valley, Al Yufrah 1",Offplan,Villa,2835888.0,,1138.0,1938.0,3,2026-07-17,Individual (1 Time),False,"The Valley (All Phases), Al Yufrah 1-3.pdf",7,77cb28e391963dd57ee6bdbfad3843a8d82f9b4d
Elora,"Elora, The Valley, Al Yufrah 1",Ready,Villa,3350000.0,52.0,1278.0,2488.0,4,2026-07-17,Individual (1 Time),False,"The Valley (All Phases), Al Yufrah 1-3.pdf",7,6a2e6705b0966dbfd8ea7eb88b6a950e772865dc
Elva,"Elva, The Valley, Al Yufrah 1",Ready,Villa,3027888.0,,1252.0,1938.0,3,2026-07-16,Individual (1 Time),False,"The Valley (All Phases), Al Yufrah 1-3.pdf",7,997a9a6fd3146c9e2d157eaa98eaf7126b760bd7
Venera,"Venera, The Valley, Al Yufrah 1",Offplan,Villa,3334888.0,,1356.0,1938.0,3,2026-07-16,Individual (2 Times),False,"The Valley (All Phases), Al Yufrah 1-3.pdf",7,db63ef5d9dc073c7d869176dc1e6cd91cf85d35b
Elora,"Elora, The Valley, Al Yufrah 1",Ready,Villa,3050000.0,44.0,1165.0,2708.0,4,2026-07-15,Individual (1 Time),False,"The Valley (All Phases), Al Yufrah 1-3.pdf",7,217688f9fbe2389cf60c019c1b915501bbae0fb9
Elora,"Elora, The Valley, Al Yufrah 1",Ready,Villa,2950000.0,38.0,1126.0,2614.0,4,2026-07-15,Individual (1 Time),False,"The Valley (All Phases), Al Yufrah 1-3.pdf",7,dbced0da946480b844ef3c0c6cad56ad793d0572
Talia,"Talia, The Valley, Al Yufrah 1",Ready,Villa,2800000.0,75.0,1329.0,1874.0,3,2026-07-15,Individual (1 Time),False,"The Valley (All Phases), Al Yufrah 1-3.pdf",7,d1f2b78df5b64e1b0ba5bc44772609a1fef3def1
Rivana,"Rivana, The Valley, Al Yufrah 1",Offplan,Villa,3800000.0,12.0,1070.0,3302.0,4,2026-07-14,Individual (1 Time),False,"The Valley (All Phases), Al Yufrah 1-3.pdf",8,b8e6da552984739cc58954420a5e4c8c1824cd4f
Talia,"Talia, The Valley, Al Yufrah 1",Ready,Villa,523629.0,-0.0,272.0,1914.0,3,2026-07-14,Individual (1 Time),True,"The Valley (All Phases), Al Yufrah 1-3.pdf",8,6f9622d34c55a7951bfcecf85add2a207b35a353
Rivana,"Rivana, The Valley, Al Yufrah 1",Offplan,Villa,3950000.0,17.0,1115.0,3397.0,4,2026-07-14,Individual (1 Time),False,"The Valley (All Phases), Al Yufrah 1-3.pdf",7,fdc679a8a4a1da24812a83751bceee7652aa4ccd
Velora,"Velora, The Valley, Al Yufrah 1",Ready,Villa,2794850.0,,1122.0,1938.0,3,2026-07-13,Individual (1 Time),False,"The Valley (All Phases), Al Yufrah 1-3.pdf",8,3fe6587c82e36c6a31ff0af9c1e22e8825952ad0
Rivana,"Rivana, The Valley, Al Yufrah 1",Offplan,Villa,4000000.0,18.0,1126.0,3366.0,4,2026-07-13,Individual (1 Time),False,"The Valley (All Phases), Al Yufrah 1-3.pdf",8,bff4ea0da32dd86567211d2e3d6dd497088a179b
Elora,"Elora, The Valley, Al Yufrah 1",Ready,Villa,2650000.0,8.0,1261.0,1483.0,3,2026-07-13,Individual (2 Times),False,"The Valley (All Phases), Al Yufrah 1-3.pdf",8,390b73a943727183058ecae4d8ba4415e717218c
Orania,"Orania, The Valley, Al Yufrah 1",Ready,Villa,2600000.0,64.0,1351.0,1904.0,3,2026-07-10,Individual (1 Time),False,"The Valley (All Phases), Al Yufrah 1-3.pdf",8,26496ca0f0e7ea0be06b8a90424b8ec0150802f5
Lillia,"Lillia, The Valley, Al Yufrah 1",Offplan,Villa,3100000.0,-1.0,1041.0,3743.0,4,2026-07-09,Individual (2 Times),False,"The Valley (All Phases), Al Yufrah 1-3.pdf",8,addb90ca1c348ccf9734fa32119b772e4fd193d4
Lillia,"Lillia, The Valley, Al Yufrah 1",Offplan,Villa,2300000.0,12.0,1082.0,1483.0,3,2026-07-09,Individual (1 Time),False,"The Valley (All Phases), Al Yufrah 1-3.pdf",8,37709bec6ae039d4661f98cf7579f22c77576c89
Rivera,"Rivera, The Valley, Al Yufrah 1",Offplan,Villa,5379888.0,,1449.0,6173.0,4,2026-07-08,Individual (1 Time),False,"The Valley (All Phases), Al Yufrah 1-3.pdf",8,10a45bd703f0c6c44ae3be8a6adf2718a20738d8
Lillia,"Lillia, The Valley, Al Yufrah 1",Offplan,Villa,3350000.0,16.0,1205.0,3541.0,4,2026-07-08,Individual (1 Time),False,"The Valley (All Phases), Al Yufrah 1-3.pdf",8,55faac7d88be60c3e9dbd9789e32abaeb80e684c
Lillia,"Lillia, The Valley, Al Yufrah 1",Offplan,Villa,2350000.0,7.0,1101.0,1483.0,3,2026-07-08,Individual (1 Time),False,"The Valley (All Phases), Al Yufrah 1-3.pdf",8,b7475f62e486306c3502d86da3645c8094a906b1
Nima,"Nima, The Valley, Al Yufrah 1",Offplan,Villa,2750000.0,19.0,1231.0,1940.0,3,2026-07-07,Individual (1 Time),False,"The Valley (All Phases), Al Yufrah 1-3.pdf",8,6388956f576ce5eeddd2e0cd6c230872441d09e1
Rivera,"Rivera, The Valley, Al Yufrah 1",Offplan,Villa,5176888.0,,1404.0,3549.0,4,2026-07-06,Individual (1 Time),False,"The Valley (All Phases), Al Yufrah 1-3.pdf",8,4dd8f2d1455206b2d46c0b25c86a47ccb5a204fd
Nima,"Nima, The Valley, Al Yufrah 1",Offplan,Villa,2511888.0,,1070.0,1873.0,3,2026-07-06,Individual (1 Time),False,"The Valley (All Phases), Al Yufrah 1-3.pdf",9,e976b04172d0567687c8264afb4813f04abeafff
Elora,"Elora, The Valley, Al Yufrah 1",Ready,Villa,3470000.0,8.0,1324.0,2485.0,4,2026-07-06,Individual (2 Times),False,"The Valley (All Phases), Al Yufrah 1-3.pdf",9,175091a0ccfbe63ace8d52b3697ac192a424f2b5
Rivana,"Rivana, The Valley, Al Yufrah 1",Offplan,Villa,3750000.0,10.0,1056.0,3229.0,4,2026-07-03,Individual (2 Times),False,"The Valley (All Phases), Al Yufrah 1-3.pdf",9,bf929b376bf987fef6b7f1fb7881e5922abf5806
Orania,"Orania, The Valley, Al Yufrah 1",Ready,Villa,2425000.0,-9.0,1276.0,1902.0,3,2026-07-03,Individual (2 Times),False,"The Valley (All Phases), Al Yufrah 1-3.pdf",9,6ade906761998681154c7b671985db5688a7a3fb
Talia,"Talia, The Valley, Al Yufrah 1",Ready,Villa,2685000.0,53.0,1274.0,1873.0,3,2026-07-03,Individual (2 Times),False,"The Valley (All Phases), Al Yufrah 1-3.pdf",9,26f25401da233b0da98cc5b2b720cb1879a5fa6d
Elora,"Elora, The Valley, Al Yufrah 1",Ready,Villa,2500000.0,50.0,1189.0,1484.0,3,2026-07-03,Individual (1 Time),False,"The Valley (All Phases), Al Yufrah 1-3.pdf",9,8d109d5ffd61e340c8d7a83489073fb98a1b7b67
Orania,"Orania, The Valley, Al Yufrah 1",Ready,Villa,2865000.0,15.0,1462.0,1873.0,3,2026-07-03,Individual (2 Times),False,"The Valley (All Phases), Al Yufrah 1-3.pdf",9,c245ac6323fc0f0a18cb5778fe64e29c44570e3e
Orania,"Orania, The Valley, Al Yufrah 1",Ready,Villa,2700000.0,69.0,1362.0,1873.0,3,2026-07-03,Individual (1 Time),False,"The Valley (All Phases), Al Yufrah 1-3.pdf",9,319e3edb47311da513fe0d982e78d8f453c74ca6
Farm Grove,"Farm Grove, The Valley, Al Yufrah 1",Offplan,Villa,4450000.0,-12.0,1187.0,5305.0,4,2026-07-02,Individual (1 Time),False,"The Valley (All Phases), Al Yufrah 1-3.pdf",9,c5123cabc6a85eb0377a92249d6d650e9c3abd5b
Velora 2,"Velora 2, The Valley, Al Yufrah 1",Ready,Villa,3036888.0,,1236.0,1939.0,3,2026-07-02,Individual (1 Time),False,"The Valley (All Phases), Al Yufrah 1-3.pdf",9,7de0af34811be3f2013d41fdbf75ea835e5aded9
Orania,"Orania, The Valley, Al Yufrah 1",Ready,Villa,2650000.0,8.0,1394.0,1873.0,3,2026-07-02,Individual (2 Times),False,"The Valley (All Phases), Al Yufrah 1-3.pdf",9,93e7ae6c38f178d3e2868bf1a65e6ddbdf75f20a
Talia,"Talia, The Valley, Al Yufrah 1",Ready,Villa,3400000.0,74.0,1557.0,2893.0,4,2026-07-02,Individual (1 Time),False,"The Valley (All Phases), Al Yufrah 1-3.pdf",9,ecbf09768bb2dabdc4a7ee0423c9aed1ee3d8874
Farm Grove 2,"Farm Grove 2, The Valley, Al Yufrah 1",Offplan,Villa,5006888.0,,1333.0,4315.0,4,2026-07-02,Individual (1 Time),False,"The Valley (All Phases), Al Yufrah 1-3.pdf",9,65a642d5a3e056d9020705b68b48b999897cbc84
Orania,"Orania, The Valley, Al Yufrah 1",Ready,Villa,3150000.0,58.0,1378.0,2809.0,4,2026-07-01,Individual (1 Time),False,"The Valley (All Phases), Al Yufrah 1-3.pdf",10,c878c571cfdd745d5e7a7569d38261686f620bfb
Nima,"Nima, The Valley, Al Yufrah 1",Offplan,Villa,2800000.0,19.0,1147.0,1963.0,3,2026-06-30,Individual (1 Time),False,"The Valley (All Phases), Al Yufrah 1-3.pdf",10,3b1ec0a708e5e5200cdd57f2b8a3d4f8b70e2dc8
Velora 2,"Velora 2, The Valley, Al Yufrah 1",Ready,Villa,3375888.0,,1251.0,2949.0,4,2026-06-29,Individual (1 Time),False,"The Valley (All Phases), Al Yufrah 1-3.pdf",10,a818aa1868ca39cca8d374ea156e5bbec2337696
Lillia,"Lillia, The Valley, Al Yufrah 1",Offplan,Villa,2250000.0,7.0,1029.0,1483.0,3,2026-06-29,Individual (1 Time),False,"The Valley (All Phases), Al Yufrah 1-3.pdf",10,07a125ac05904be12ea52536ed3dd4fb3941efde
Avena 2,"Avena 2, The Valley, Al Yufrah 1",Offplan,Villa,3800000.0,-14.0,1023.0,3233.0,4,2026-06-29,Individual (1 Time),False,"The Valley (All Phases), Al Yufrah 1-3.pdf",10,362acb35a63a45b3cbafa7d2af296d51b5c2d512
Nara,"Nara, The Valley, Al Yufrah 1",Ready,Villa,3400000.0,92.0,1553.0,2750.0,4,2026-06-29,Individual (1 Time),False,"The Valley (All Phases), Al Yufrah 1-3.pdf",10,ea76c7b5e08121a44f8a3cea74fedabf0ced454f
Nara,"Nara, The Valley, Al Yufrah 1",Ready,Villa,3400000.0,89.0,1553.0,2772.0,4,2026-06-26,Individual (1 Time),False,"The Valley (All Phases), Al Yufrah 1-3.pdf",10,2966267ced6678389cbc9da59f1714f69802b2b8
Elora,"Elora, The Valley, Al Yufrah 1",Ready,Villa,2575000.0,3.0,1225.0,1483.0,3,2026-06-26,Individual (2 Times),False,"The Valley (All Phases), Al Yufrah 1-3.pdf",10,fc8404ebf1f60439d33dd2773f206acede32ed22
Venera,"Venera, The Valley, Al Yufrah 1",Offplan,Villa,2861888.0,,1154.0,2101.0,3,2026-06-25,Individual (1 Time),False,"The Valley (All Phases), Al Yufrah 1-3.pdf",10,6b201ccac300c89b6ff54ecdd9677ecb7b2cf0d0
Nara,"Nara, The Valley, Al Yufrah 1",Ready,Villa,2800000.0,2.0,1461.0,1873.0,3,2026-06-25,Individual (2 Times),False,"The Valley (All Phases), Al Yufrah 1-3.pdf",10,43de86806738bc74bb8ccce1df0636ef1d212299
Farm Gardens 2,"Farm Gardens 2, The Valley, Al Yufrah 1",Offplan,Villa,8500000.0,-8.0,1053.0,9682.0,5,2026-06-25,Individual (1 Time),False,"The Valley (All Phases), Al Yufrah 1-3.pdf",10,e37d3f4500f64f8f303967aa08f90e10b3c7c3e0
Farm Gardens 2,"Farm Gardens 2, The Valley, Al Yufrah 1",Offplan,Villa,9150000.0,-7.0,1133.0,9300.0,5,2026-06-25,Individual (1 Time),False,"The Valley (All Phases), Al Yufrah 1-3.pdf",10,03a7f8f9731e0f26d49bc2c183877e078a114dbf
Elora,"Elora, The Valley, Al Yufrah 1",Ready,Villa,2700000.0,23.0,1284.0,1483.0,3,2026-06-25,Individual (2 Times),False,"The Valley (All Phases), Al Yufrah 1-3.pdf",10,9a14b6a55108a41724b9a1afc2f518221d48745d
Rivana,"Rivana, The Valley, Al Yufrah 1",Offplan,Villa,3800000.0,-6.0,1072.0,3561.0,4,2026-06-24,Individual (2 Times),False,"The Valley (All Phases), Al Yufrah 1-3.pdf",11,6a2a7a5285f920df90ad3826e2464a92783d59a2
Rivana,"Rivana, The Valley, Al Yufrah 1",Offplan,Villa,3950000.0,17.0,1195.0,3988.0,4,2026-06-24,Individual (1 Time),False,"The Valley (All Phases), Al Yufrah 1-3.pdf",11,be8ed86d08b3aba39e643d41a0db83a368a32630
Orania,"Orania, The Valley, Al Yufrah 1",Ready,Villa,2700000.0,67.0,1355.0,1904.0,3,2026-06-23,Individual (1 Time),False,"The Valley (All Phases), Al Yufrah 1-3.pdf",11,58762c22b05438fa639f63d8af00365de98cabfa
Orania,"Orania, The Valley, Al Yufrah 1",Ready,Villa,3300000.0,60.0,1441.0,2809.0,4,2026-06-23,Individual (1 Time),False,"The Valley (All Phases), Al Yufrah 1-3.pdf",11,2650c115e8c0e13dfd826b09ca556161a2001e67
Nima,"Nima, The Valley, Al Yufrah 1",Offplan,Villa,2425000.0,5.0,1085.0,2041.0,3,2026-06-22,Individual (1 Time),False,"The Valley (All Phases), Al Yufrah 1-3.pdf",11,16483a0ad3d223f6db4e2628c4880d213d98e03a
Nara,"Nara, The Valley, Al Yufrah 1",Ready,Villa,3300000.0,32.0,1458.0,2750.0,4,2026-06-22,Individual (2 Times),False,"The Valley (All Phases), Al Yufrah 1-3.pdf",11,9f84de2f7ab70c8c380488623b016d47c4ccaf22
Elora,"Elora, The Valley, Al Yufrah 1",Ready,Villa,3350000.0,26.0,1279.0,2487.0,4,2026-06-22,Individual (2 Times),False,"The Valley (All Phases), Al Yufrah 1-3.pdf",11,0ce57b2a70ba86dc8f063a5782dcd80b8a7ad7a5
Eden,"Eden, The Valley, Al Yufrah 1",Ready,Villa,3250000.0,30.0,1413.0,2803.0,4,2026-06-19,Individual (3 Times),False,"The Valley (All Phases), Al Yufrah 1-3.pdf",11,045f422eb20c4962150d11ea0ee0e2f1320b7398
Rivana,"Rivana, The Valley, Al Yufrah 1",Offplan,Villa,3750000.0,13.0,1134.0,3390.0,4,2026-06-19,Individual (1 Time),False,"The Valley (All Phases), Al Yufrah 1-3.pdf",11,c39ad4acdbdce37f80ffa49321b549a97388a62f
Talia,"Talia, The Valley, Al Yufrah 1",Ready,Villa,3100000.0,63.0,1417.0,2750.0,4,2026-06-19,Individual (1 Time),False,"The Valley (All Phases), Al Yufrah 1-3.pdf",11,5e10f2b35c3776c6bce15c6d5e19c136581f9f55
Farm Gardens 2,"Farm Gardens 2, The Valley, Al Yufrah 1",Offplan,Villa,8600000.0,-7.0,1080.0,9621.0,5,2026-06-19,Individual (1 Time),False,"The Valley (All Phases), Al Yufrah 1-3.pdf",11,29ddc0711855f283765f987459be55923b7279ba
Elora,"Elora, The Valley, Al Yufrah 1",Ready,Villa,2550000.0,53.0,1213.0,1483.0,3,2026-06-18,Individual (1 Time),False,"The Valley (All Phases), Al Yufrah 1-3.pdf",11,21a35445b3403fe5a87555c1440456e9c532999b
Orania,"Orania, The Valley, Al Yufrah 1",Ready,Villa,3350000.0,20.0,1488.0,2784.0,4,2026-06-18,Individual (2 Times),False,"The Valley (All Phases), Al Yufrah 1-3.pdf",11,b263797f1a1538b1ee702903446fb693d14e169b
Venera,"Venera, The Valley, Al Yufrah 1",Offplan,Villa,3912888.0,,1439.0,2969.0,4,2026-06-17,Individual (1 Time),False,"The Valley (All Phases), Al Yufrah 1-3.pdf",12,3e416fa942b3e854fa9e9d5766420da6b577e43e
Rivana,"Rivana, The Valley, Al Yufrah 1",Offplan,Villa,4000000.0,20.0,1203.0,3335.0,4,2026-06-17,Individual (1 Time),False,"The Valley (All Phases), Al Yufrah 1-3.pdf",12,5c43c54cdae55ba5d3ccd4e8bf527c8d421cb09f
Nara,"Nara, The Valley, Al Yufrah 1",Ready,Villa,3467500.0,92.0,1517.0,2773.0,4,2026-06-17,Individual (1 Time),False,"The Valley (All Phases), Al Yufrah 1-3.pdf",12,ec188f5ca16f57d71e94fccbeda25ff51c49c5f5
Elora,"Elora, The Valley, Al Yufrah 1",Ready,Villa,2600000.0,33.0,1235.0,1481.0,3,2026-06-16,Individual (2 Times),False,"The Valley (All Phases), Al Yufrah 1-3.pdf",12,c771f3435baeb75bab0c3c3ea7a219ef1a874593
Orania,"Orania, The Valley, Al Yufrah 1",Ready,Villa,2575000.0,68.0,1338.0,1904.0,3,2026-06-16,Individual (1 Time),False,"The Valley (All Phases), Al Yufrah 1-3.pdf",12,5283c324809cccb659500fe7452cc1686a0827ab
Elora,"Elora, The Valley, Al Yufrah 1",Ready,Villa,2550000.0,43.0,1211.0,1481.0,3,2026-06-16,Individual (1 Time),False,"The Valley (All Phases), Al Yufrah 1-3.pdf",12,25ef895ae5c1841d6a98ed056498bff8fc9ec881
Venera,"Venera, The Valley, Al Yufrah 1",Offplan,Villa,3463210.0,,1268.0,3746.0,4,2026-06-13,Individual (1 Time),False,"The Valley (All Phases), Al Yufrah 1-3.pdf",12,032ba7e6caf2960d366c89cd49f6a5f337642a82
Rivana,"Rivana, The Valley, Al Yufrah 1",Offplan,Villa,3800000.0,12.0,1070.0,3323.0,4,2026-06-12,Individual (1 Time),False,"The Valley (All Phases), Al Yufrah 1-3.pdf",12,50e1e9f0aff69bb24b9aa8b2e980b0c30f8b1772
Orania,"Orania, The Valley, Al Yufrah 1",Ready,Villa,3450000.0,82.0,1532.0,2940.0,4,2026-06-12,Individual (2 Times),False,"The Valley (All Phases), Al Yufrah 1-3.pdf",12,95f55887bc04f87020da9dfc5baa4bd7d40b46dc
Elora,"Elora, The Valley, Al Yufrah 1",Ready,Villa,2550000.0,46.0,1213.0,1483.0,3,2026-06-12,Individual (1 Time),False,"The Valley (All Phases), Al Yufrah 1-3.pdf",12,df9b554a29ef45e29d726e1f43ae7a701443d4a8
Velora,"Velora, The Valley, Al Yufrah 1",Ready,Villa,3249888.0,100.0,1191.0,3537.0,4,2026-06-11,Individual (1 Time),False,"The Valley (All Phases), Al Yufrah 1-3.pdf",12,c44af99636c4107cbb714bb4c966d99f1a87f9d6
Nara,"Nara, The Valley, Al Yufrah 1",Ready,Villa,2650000.0,8.0,1409.0,1873.0,3,2026-06-11,Individual (4 Times),False,"The Valley (All Phases), Al Yufrah 1-3.pdf",12,095fa5f4e14c63a2d0df2371efe8c122e669feb9
Nima,"Nima, The Valley, Al Yufrah 1",Offplan,Villa,2350000.0,12.0,1052.0,1874.0,3,2026-06-10,Individual (1 Time),False,"The Valley (All Phases), Al Yufrah 1-3.pdf",12,556e333963a4313aa261c16666567334a28728bd
Orania,"Orania, The Valley, Al Yufrah 1",Ready,Villa,2800000.0,30.0,1423.0,1873.0,3,2026-06-10,Individual (3 Times),False,"The Valley (All Phases), Al Yufrah 1-3.pdf",13,938d894c8cc9e6d6de263a233487fa091e73b800
Eden,"Eden, The Valley, Al Yufrah 1",Ready,Villa,2500000.0,114.0,1275.0,1873.0,3,2026-06-09,Individual (3 Times),False,"The Valley (All Phases), Al Yufrah 1-3.pdf",13,269b81f7cc67ace8391f0a5768faac6bfb356e9d
Venera,"Venera, The Valley, Al Yufrah 1",Offplan,Villa,362548.0,-12.0,133.0,2987.0,4,2026-06-08,Individual (1 Time),True,"The Valley (All Phases), Al Yufrah 1-3.pdf",13,d819cb6b274632bcdd0835548c7ba31c2e5e6056
Venera,"Venera, The Valley, Al Yufrah 1",Offplan,Villa,3141888.0,,1250.0,1938.0,3,2026-06-08,Individual (1 Time),False,"The Valley (All Phases), Al Yufrah 1-3.pdf",13,cb894778864ec27fce922990a3ecec6665d76352
Talia,"Talia, The Valley, Al Yufrah 1",Ready,Villa,3200000.0,55.0,1463.0,2772.0,4,2026-06-08,Individual (2 Times),False,"The Valley (All Phases), Al Yufrah 1-3.pdf",13,98084263abbf7afe8c9c77a7e0a998753e89b96f
Farm Gardens 2,"Farm Gardens 2, The Valley, Al Yufrah 1",Offplan,Villa,8100000.0,-17.0,1017.0,9515.0,5,2026-06-08,Individual (1 Time),False,"The Valley (All Phases), Al Yufrah 1-3.pdf",13,005a8c67609ae6c4133b95753169bb744c808fc8
Talia,"Talia, The Valley, Al Yufrah 1",Ready,Villa,3300000.0,7.0,1471.0,2750.0,4,2026-06-08,Individual (3 Times),False,"The Valley (All Phases), Al Yufrah 1-3.pdf",13,a4539b22f6526640b2312c39c517903df5f8e0b5
Orania,"Orania, The Valley, Al Yufrah 1",Ready,Villa,2650000.0,64.0,1337.0,1873.0,3,2026-06-08,Individual (1 Time),False,"The Valley (All Phases), Al Yufrah 1-3.pdf",13,17ae6894e3accc9d0ccae0438a6cf2df092789b3
Alana,"Alana, The Valley, Al Yufrah 1",Ready,Villa,5394888.0,,1114.0,4824.0,5,2026-06-05,Individual (1 Time),False,"The Valley (All Phases), Al Yufrah 1-3.pdf",13,fe8fde0b2b798a8f18a538ba22de496345ec57fc
Avena,"Avena, The Valley, Al Yufrah 1",Offplan,Villa,4209199.0,-10.0,1141.0,3958.0,4,2026-06-05,Individual (1 Time),False,"The Valley (All Phases), Al Yufrah 1-3.pdf",13,9a521422927b3768495d29fbc4b4a27ed8db4bd1
Alana,"Alana, The Valley, Al Yufrah 1",Ready,Villa,5450000.0,1.0,1125.0,4947.0,5,2026-06-04,Individual (1 Time),False,"The Valley (All Phases), Al Yufrah 1-3.pdf",13,ccf9c148d0a99d758bcb9b2da4490274e5e4aff6
Elora,"Elora, The Valley, Al Yufrah 1",Ready,Villa,2400000.0,34.0,1140.0,1484.0,3,2026-06-04,Individual (1 Time),False,"The Valley (All Phases), Al Yufrah 1-3.pdf",13,cb6a0390922fa9952f2a767c821baa4f865c9cc6
Orania,"Orania, The Valley, Al Yufrah 1",Ready,Villa,3820000.0,63.0,1621.0,4199.0,4,2026-06-03,Individual (2 Times),False,"The Valley (All Phases), Al Yufrah 1-3.pdf",13,926e6c100be1a9adc9c0389efa1d27096eb743ad
Rivana,"Rivana, The Valley, Al Yufrah 1",Offplan,Villa,3500000.0,5.0,1053.0,3391.0,4,2026-06-02,Individual (1 Time),False,"The Valley (All Phases), Al Yufrah 1-3.pdf",14,c6b19f794ac33671ddca74b25df6ca4e9379953b
Rivana,"Rivana, The Valley, Al Yufrah 1",Offplan,Villa,4660000.0,8.0,1026.0,4726.0,5,2026-06-02,Individual (1 Time),False,"The Valley (All Phases), Al Yufrah 1-3.pdf",14,d017d5c6e1e3ea5151526871ee3a9f3c8de4cead
Lillia,"Lillia, The Valley, Al Yufrah 1",Offplan,Villa,3150000.0,4.0,1057.0,3742.0,4,2026-06-02,Individual (1 Time),False,"The Valley (All Phases), Al Yufrah 1-3.pdf",14,89e44c408b163d4179a789d1dac33312a94a9340
Venera,"Venera, The Valley, Al Yufrah 1",Offplan,Villa,1720944.0,-0.0,630.0,4006.0,4,2026-05-23,Individual (1 Time),False,"The Valley (All Phases), Al Yufrah 1-3.pdf",14,7f2010e4534b31d9906113d396d19ffd93b88199
Rivera,"Rivera, The Valley, Al Yufrah 1",Offplan,Villa,5232888.0,,1417.0,3584.0,4,2026-05-23,Individual (1 Time),False,"The Valley (All Phases), Al Yufrah 1-3.pdf",14,5a5d54261cecbbafb61a24ddc2b05731a7e58711
Nara,"Nara, The Valley, Al Yufrah 1",Ready,Villa,2600000.0,27.0,1382.0,1873.0,3,2026-05-22,Individual (2 Times),False,"The Valley (All Phases), Al Yufrah 1-3.pdf",14,fea2bfc597ecbd76aaf3c4d73f33addaf6eecb91
Farm Gardens,"Farm Gardens, The Valley, Al Yufrah1",Ready,Villa,8000000.0,17.0,1414.0,10000.0,5,2026-05-22,Individual (1 Time),False,"The Valley (All Phases), Al Yufrah 1-3.pdf",14,46f19d7717bb3bffcf0932515a434806009a877c
Farm Gardens,"Farm Gardens, The Valley, Al Yufrah1",Ready,Villa,7100000.0,20.0,1434.0,8816.0,4,2026-05-22,Individual (2 Times),False,"The Valley (All Phases), Al Yufrah 1-3.pdf",14,5cb8f841714032d7c1a0f2939a51d1f0371be46b
Farm Gardens,"Farm Gardens, The Valley, Al Yufrah1",Ready,Villa,8000000.0,19.0,1414.0,10009.0,5,2026-05-21,Individual (1 Time),False,"The Valley (All Phases), Al Yufrah 1-3.pdf",14,d9fec7f7a7ad88431dbac48caa5a875c71e254c4
Orania,"Orania, The Valley, Al Yufrah 1",Ready,Villa,2550000.0,61.0,1312.0,1904.0,3,2026-05-21,Individual (1 Time),False,"The Valley (All Phases), Al Yufrah 1-3.pdf",14,1ec44c7752f363e6dfd69cba1a365cb0bb329467
Lillia,"Lillia, The Valley, Al Yufrah 1",Offplan,Villa,2300000.0,3.0,1056.0,1483.0,3,2026-05-20,Individual (1 Time),False,"The Valley (All Phases), Al Yufrah 1-3.pdf",14,da13b0f2926d011ebb59b3a95564de2b7ba6e1ca
Rivana,"Rivana, The Valley, Al Yufrah 1",Offplan,Villa,3875000.0,17.0,1172.0,3339.0,4,2026-05-20,Individual (1 Time),False,"The Valley (All Phases), Al Yufrah 1-3.pdf",14,a1def18d6549d638ecf785f53e877237edc61dbf
Talia,"Talia, The Valley, Al Yufrah 1",Ready,Villa,3940000.0,95.0,1802.0,2772.0,4,2026-05-20,Individual (1 Time),False,"The Valley (All Phases), Al Yufrah 1-3.pdf",14,db076e76c65eba5064e656fc1bab67f4a75ab3ac
Nara,"Nara, The Valley, Al Yufrah 1",Ready,Villa,3350000.0,29.0,1530.0,2772.0,4,2026-05-19,Individual (2 Times),False,"The Valley (All Phases), Al Yufrah 1-3.pdf",15,5dfce8545eb698a97ea9bbe0ea63277b41d036ea
Venera,"Venera, The Valley, Al Yufrah 1",Offplan,Villa,2903888.0,,1172.0,1938.0,3,2026-05-18,Individual (1 Time),False,"The Valley (All Phases), Al Yufrah 1-3.pdf",15,d7282f352b8084b11207f7ee9808e0e2202847e2
Elora,"Elora, The Valley, Al Yufrah 1",Ready,Villa,3400000.0,-5.0,1298.0,2486.0,4,2026-05-18,Individual (2 Times),False,"The Valley (All Phases), Al Yufrah 1-3.pdf",15,c6c9ac4bb35d4d9adfc0a4032ef941be1577438a
Rivera,"Rivera, The Valley, Al Yufrah 1",Offplan,Villa,1223007.0,,332.0,3737.0,4,2026-05-16,Individual (1 Time),False,"The Valley (All Phases), Al Yufrah 1-3.pdf",15,1f22c571523cb056180fa6541c028062b99f5d1a
Nima,"Nima, The Valley, Al Yufrah 1",Offplan,Villa,2375000.0,13.0,1012.0,1873.0,3,2026-05-15,Individual (1 Time),False,"The Valley (All Phases), Al Yufrah 1-3.pdf",15,cee8e6087534810aa5123cfd2238072deb68c697
Orania,"Orania, The Valley, Al Yufrah 1",Ready,Villa,2600000.0,27.0,1322.0,1873.0,3,2026-05-15,Individual (3 Times),False,"The Valley (All Phases), Al Yufrah 1-3.pdf",15,e853f18364d2ef8ac0ef0d69b6c9f6d99a1e08c1
Nima,"Nima, The Valley, Al Yufrah 1",Offplan,Villa,2600000.0,23.0,1164.0,1873.0,3,2026-05-14,Individual (1 Time),False,"The Valley (All Phases), Al Yufrah 1-3.pdf",15,536c07deb79375a082324756a194e77742bea8a7
Vindera,"Vindera, The Valley, Al Yufrah 1",Ready,Villa,4220888.0,,1445.0,2788.0,4,2026-05-14,Developer,False,"The Valley (All Phases), Al Yufrah 1-3.pdf",15,b2acd5b6f399d3c5d7c5ed0d17df5bbd57ee9318
Orania,"Orania, The Valley, Al Yufrah 1",Ready,Villa,3050000.0,74.0,1541.0,1873.0,3,2026-05-13,Individual (1 Time),False,"The Valley (All Phases), Al Yufrah 1-3.pdf",15,1257d83dc3730a80151ab8c72fe0ecae169e49fc
Nima,"Nima, The Valley, Al Yufrah 1",Offplan,Villa,2700000.0,12.0,1209.0,1909.0,3,2026-05-13,Individual (2 Times),False,"The Valley (All Phases), Al Yufrah 1-3.pdf",15,be4f537901bb325823f7b6c6712731646223ed70
Alana,"Alana, The Valley, Al Yufrah 1",Ready,Villa,3750888.0,,1002.0,3237.0,3,2026-05-13,Individual (1 Time),False,"The Valley (All Phases), Al Yufrah 1-3.pdf",15,55535937eef8327e7b8c2da15ce115b584513027
Nara,"Nara, The Valley, Al Yufrah 1",Ready,Villa,2950000.0,67.0,1448.0,1873.0,3,2026-05-13,Individual (2 Times),False,"The Valley (All Phases), Al Yufrah 1-3.pdf",15,560c90113b8263e7496c15a787f7e79761eb90ed
Orania,"Orania, The Valley, Al Yufrah 1",Ready,Villa,2900000.0,89.0,1533.0,1873.0,3,2026-05-13,Individual (1 Time),False,"The Valley (All Phases), Al Yufrah 1-3.pdf",16,e36c10e8ecdf57155d83c13b8b6c9ca0cc23898e
Orania,"Orania, The Valley, Al Yufrah 1",Ready,Villa,2600000.0,4.0,1373.0,1873.0,3,2026-05-13,Individual (2 Times),False,"The Valley (All Phases), Al Yufrah 1-3.pdf",16,2f7e5bf5ca8bcb04da05f10d66b2a7545088dc01
Farm Gardens 2,"Farm Gardens 2, The Valley, Al Yufrah 1",Offplan,Villa,7506888.0,,1130.0,8676.0,4,2026-05-13,Individual (1 Time),False,"The Valley (All Phases), Al Yufrah 1-3.pdf",15,a2df0747513d4f43c7ef1db779a93902c11ced46
Nara,"Nara, The Valley, Al Yufrah 1",Ready,Villa,2835000.0,103.0,1372.0,1873.0,3,2026-05-12,Individual (1 Time),False,"The Valley (All Phases), Al Yufrah 1-3.pdf",16,e44dce06cb1ace1c8036d5712f88eb1dc942940e
Rivana,"Rivana, The Valley, Al Yufrah 1",Offplan,Villa,3700000.0,7.0,1042.0,3487.0,4,2026-05-08,Individual (1 Time),False,"The Valley (All Phases), Al Yufrah 1-3.pdf",16,39e63feb821d888681def520edf6e85d2a1bcdd2
Lillia,"Lillia, The Valley, Al Yufrah 1",Offplan,Villa,2101888.0,,962.0,1543.0,3,2026-05-08,Individual (1 Time),False,"The Valley (All Phases), Al Yufrah 1-3.pdf",16,b74c6cfcc29155c31dd668ef3d8b835088966b72
Nara,"Nara, The Valley, Al Yufrah 1",Ready,Villa,2800000.0,87.0,1490.0,1873.0,3,2026-05-08,Individual (1 Time),False,"The Valley (All Phases), Al Yufrah 1-3.pdf",16,414b5a3092b095fa17c45405a9eb28e17542bd91
Farm Grove,"Farm Grove, The Valley, Al Yufrah 1",Offplan,Villa,4400000.0,-8.0,1172.0,3530.0,4,2026-05-08,Individual (1 Time),False,"The Valley (All Phases), Al Yufrah 1-3.pdf",16,6ca2ac4e83bb2832a6158b87241b5aa12b6b68e1
Orania,"Orania, The Valley, Al Yufrah 1",Ready,Villa,2725000.0,75.0,1375.0,1873.0,3,2026-05-08,Individual (1 Time),False,"The Valley (All Phases), Al Yufrah 1-3.pdf",16,95b784fe8729057297275676042ee2628c9b6346
Rivana,"Rivana, The Valley, Al Yufrah 1",Offplan,Villa,3515000.0,3.0,990.0,3674.0,4,2026-05-07,Individual (1 Time),False,"The Valley (All Phases), Al Yufrah 1-3.pdf",16,5bc025f0c25c61e9e2ec92ae9cc7e386104901cd
Orania,"Orania, The Valley, Al Yufrah 1",Ready,Villa,2550000.0,19.0,1287.0,1873.0,3,2026-05-05,Individual (2 Times),False,"The Valley (All Phases), Al Yufrah 1-3.pdf",16,4768b229e6d625698c153687e8a23e5a881e2379
Orania,"Orania, The Valley, Al Yufrah 1",Ready,Villa,3600000.0,82.0,1599.0,2784.0,4,2026-05-04,Individual (1 Time),False,"The Valley (All Phases), Al Yufrah 1-3.pdf",16,319fa710dd0e396aaa0df4c726dcf6a861798b8c
Farm Gardens 2,"Farm Gardens 2, The Valley, Al Yufrah 1",Offplan,Villa,7300000.0,-6.0,1141.0,8783.0,4,2026-05-04,Individual (1 Time),False,"The Valley (All Phases), Al Yufrah 1-3.pdf",16,9fb781b40b65b01bf13c4fe355d71ba8eeb8a9b8
Venera,"Venera, The Valley, Al Yufrah 1",Offplan,Villa,2841888.0,,1130.0,1940.0,3,2026-05-01,Individual (1 Time),False,"The Valley (All Phases), Al Yufrah 1-3.pdf",16,de9eb4dfd3b224af8706245523f5aa1f048a81d7
Orania,"Orania, The Valley, Al Yufrah 1",Ready,Villa,3350000.0,2.0,1465.0,3070.0,4,2026-05-01,Individual (3 Times),False,"The Valley (All Phases), Al Yufrah 1-3.pdf",17,3e692a0d0e0f4e51a7ba8b7b7ace04aec58ed87c
Elva,"Elva, The Valley, Al Yufrah 1",Ready,Villa,3751880.0,,1387.0,3918.0,4,2026-04-27,Individual (1 Time),False,"The Valley (All Phases), Al Yufrah 1-3.pdf",17,d4fa64e5a6d4245a57f2d6d28d0f06978d8cbfd4
Nara,"Nara, The Valley, Al Yufrah 1",Ready,Villa,2850000.0,68.0,1466.0,1904.0,3,2026-04-27,Individual (2 Times),False,"The Valley (All Phases), Al Yufrah 1-3.pdf",17,193f947dafd335cba34d8d5a787e24e1f62629b9
Nara,"Nara, The Valley, Al Yufrah 1",Ready,Villa,2900000.0,106.0,1404.0,1873.0,3,2026-04-27,Individual (1 Time),False,"The Valley (All Phases), Al Yufrah 1-3.pdf",17,2754591492435570cecb3aed0d9eaee623d63dd9
Farm Gardens,"Farm Gardens, The Valley, Al Yufrah1",Ready,Villa,6700000.0,24.0,1354.0,8686.0,4,2026-04-24,Individual (1 Time),False,"The Valley (All Phases), Al Yufrah 1-3.pdf",17,a3c301282b4ad43edbadb8896490032d19d3de5b
Farm Gardens 2,"Farm Gardens 2, The Valley, Al Yufrah 1",Offplan,Villa,9883888.0,,1224.0,9211.0,5,2026-04-23,Individual (2 Times),False,"The Valley (All Phases), Al Yufrah 1-3.pdf",17,e00b0f8fd10d13205eb5d92a657d3525bd54c612
Farm Grove,"Farm Grove, The Valley, Al Yufrah 1",Offplan,Villa,6500000.0,-18.0,1069.0,6889.0,5,2026-04-23,Individual (2 Times),False,"The Valley (All Phases), Al Yufrah 1-3.pdf",17,cd4c61c0b92b9f3f74b197c582bf59aecfcf6393
Orania,"Orania, The Valley, Al Yufrah 1",Ready,Villa,2730000.0,73.0,1442.0,1873.0,3,2026-04-23,Individual (1 Time),False,"The Valley (All Phases), Al Yufrah 1-3.pdf",17,e1d7cb6ff124510fdbe807ffa26357936ab6274d
Nima,"Nima, The Valley, Al Yufrah 1",Offplan,Villa,2400000.0,4.0,1010.0,1904.0,3,2026-04-23,Individual (2 Times),False,"The Valley (All Phases), Al Yufrah 1-3.pdf",17,b3e573ffa234c81b2ec39ca6bc9a3550347f8ce0
Elva,"Elva, The Valley, Al Yufrah 1",Ready,Villa,3317888.0,,1373.0,2241.0,3,2026-04-23,Developer,False,"The Valley (All Phases), Al Yufrah 1-3.pdf",17,4d310030150b08c80012f3c450c5f2c1a97e5fb4
Elva,"Elva, The Valley, Al Yufrah 1",Ready,Villa,3072888.0,,1272.0,1938.0,3,2026-04-22,Individual (1 Time),False,"The Valley (All Phases), Al Yufrah 1-3.pdf",17,0283fd6bfdccf1df957f50133efad1e8737696e1
Alana,"Alana, The Valley, Al Yufrah 1",Ready,Villa,5451888.0,,1117.0,5019.0,5,2026-04-22,Individual (1 Time),False,"The Valley (All Phases), Al Yufrah 1-3.pdf",17,9bb4276a894626362be2fdd5e7ca52529fcfa5ec
Talia,"Talia, The Valley, Al Yufrah 1",Ready,Villa,3900000.0,57.0,1783.0,2750.0,4,2026-04-22,Individual (2 Times),False,"The Valley (All Phases), Al Yufrah 1-3.pdf",17,09f7d41aca6e5b5749d13fc7bca061ac1cea3fc2
Talia,"Talia, The Valley, Al Yufrah 1",Ready,Villa,3450000.0,11.0,1537.0,2774.0,4,2026-04-22,Individual (2 Times),False,"The Valley (All Phases), Al Yufrah 1-3.pdf",18,6a18be68a1dc85162a90e0ebec317f0d41028669
Nara,"Nara, The Valley, Al Yufrah 1",Ready,Villa,3050000.0,122.0,1498.0,1873.0,3,2026-04-20,Individual (1 Time),False,"The Valley (All Phases), Al Yufrah 1-3.pdf",18,0a9b6bea4c8040c9769e49b6fcd93e834e653071
Orania,"Orania, The Valley, Al Yufrah 1",Ready,Villa,2900000.0,82.0,1455.0,1904.0,3,2026-04-20,Individual (1 Time),False,"The Valley (All Phases), Al Yufrah 1-3.pdf",18,48158373c2ab8e095c4c1d6ce6a5af91c8463eb7
Rivera,"Rivera, The Valley, Al Yufrah 1",Offplan,Villa,5198888.0,,1400.0,3544.0,4,2026-04-17,Developer,False,"The Valley (All Phases), Al Yufrah 1-3.pdf",18,29b71a512cdc3173d46c207464632b3a7bc4938a
Avena,"Avena, The Valley, Al Yufrah 1",Offplan,Villa,4450000.0,4.0,1200.0,3229.0,4,2026-04-17,Individual (1 Time),False,"The Valley (All Phases), Al Yufrah 1-3.pdf",18,316f829fbd3400d68aebb8977917a15e9657cd72
Alana,"Alana, The Valley, Al Yufrah 1",Ready,Villa,5757888.0,,1157.0,5671.0,5,2026-04-17,Individual (1 Time),False,"The Valley (All Phases), Al Yufrah 1-3.pdf",18,62acc1dfe74c81afb3f87793571533afe8cc806c
Nara,"Nara, The Valley, Al Yufrah 1",Ready,Villa,3400000.0,89.0,1553.0,2772.0,4,2026-04-17,Individual (1 Time),False,"The Valley (All Phases), Al Yufrah 1-3.pdf",18,ca3ef105fd8498c48ee9d57209b76a9cfe3c1c2c
Eden,"Eden, The Valley, Al Yufrah 1",Ready,Villa,2650000.0,66.0,1266.0,1910.0,3,2026-04-17,Individual (2 Times),False,"The Valley (All Phases), Al Yufrah 1-3.pdf",18,c37043e8381debf0b5851bc024255b86774db886
Eden,"Eden, The Valley, Al Yufrah 1",Ready,Villa,2700000.0,64.0,1308.0,1873.0,3,2026-04-17,Individual (2 Times),False,"The Valley (All Phases), Al Yufrah 1-3.pdf",18,160c66afc81276536932fdaa77928f9f3bd04b9d
Vindera,"Vindera, The Valley, Al Yufrah 1",Ready,Villa,4226888.0,,1446.0,2838.0,4,2026-04-16,Developer,False,"The Valley (All Phases), Al Yufrah 1-3.pdf",18,dceec479002665248f2a4f25d956ff51485c2cd8
Rivana,"Rivana, The Valley, Al Yufrah 1",Offplan,Villa,3550000.0,-8.0,1068.0,3236.0,4,2026-04-16,Individual (2 Times),False,"The Valley (All Phases), Al Yufrah 1-3.pdf",18,eeaec754c653b245af0dd6461bb7b4949908a7c5
Orania,"Orania, The Valley, Al Yufrah 1",Ready,Villa,2750000.0,75.0,1399.0,1873.0,3,2026-04-16,Individual (1 Time),False,"The Valley (All Phases), Al Yufrah 1-3.pdf",18,79eb625b219e4d857a95b83396c720427fbdec1e
Elora,"Elora, The Valley, Al Yufrah 1",Ready,Villa,3200000.0,-4.0,1221.0,3305.0,4,2026-04-16,Individual (2 Times),False,"The Valley (All Phases), Al Yufrah 1-3.pdf",18,6714bc8dc5de173cc0322504984c03c327758ab6
Avena,"Avena, The Valley, Al Yufrah 1",Offplan,Villa,4790000.0,3.0,1300.0,4419.0,4,2026-04-15,Individual (2 Times),False,"The Valley (All Phases), Al Yufrah 1-3.pdf",19,18d12b20174d4552f8edfad60f9fc8d251ed6be5
Lillia,"Lillia, The Valley, Al Yufrah 1",Offplan,Villa,2525000.0,15.0,1188.0,1483.0,3,2026-04-15,Individual (1 Time),False,"The Valley (All Phases), Al Yufrah 1-3.pdf",19,9f26fff5e145eec9f2ad595ac66023be4291a516
Orania,"Orania, The Valley, Al Yufrah 1",Ready,Villa,2780000.0,77.0,1469.0,1873.0,3,2026-04-15,Individual (1 Time),False,"The Valley (All Phases), Al Yufrah 1-3.pdf",19,68886377aed41d8efc9905d419ea237bae87c380
Nima,"Nima, The Valley, Al Yufrah 1",Offplan,Villa,2700000.0,18.0,1142.0,1987.0,3,2026-04-14,Individual (1 Time),False,"The Valley (All Phases), Al Yufrah 1-3.pdf",19,c01efcae942c6bb5487094a6ce1df58faf055a4e
Velora 2,"Velora 2, The Valley, Al Yufrah 1",Ready,Villa,3475888.0,,1272.0,2963.0,4,2026-04-14,Individual (1 Time),False,"The Valley (All Phases), Al Yufrah 1-3.pdf",19,7246cd623726af0c95ffe7595063e4dfefeb9fc6
Eden,"Eden, The Valley, Al Yufrah 1",Ready,Villa,2790000.0,28.0,1423.0,1873.0,3,2026-04-13,Individual (3 Times),False,"The Valley (All Phases), Al Yufrah 1-3.pdf",19,fb3e657c22266f367f30657df68dd593ad28c627
Nima,"Nima, The Valley, Al Yufrah 1",Offplan,Villa,2783888.0,,1071.0,3016.0,4,2026-04-10,Individual (1 Time),False,"The Valley (All Phases), Al Yufrah 1-3.pdf",19,1e12f3c32bdbd0194de2af52de3d6bc3bfdd2b1b
Orania,"Orania, The Valley, Al Yufrah 1",Ready,Villa,2740000.0,75.0,1394.0,1873.0,3,2026-04-10,Individual (1 Time),False,"The Valley (All Phases), Al Yufrah 1-3.pdf",19,06c22af0067f815774b643120e46c4c6c0a199de
Talia,"Talia, The Valley, Al Yufrah 1",Ready,Villa,2800000.0,9.0,1347.0,1898.0,3,2026-04-09,Individual (2 Times),False,"The Valley (All Phases), Al Yufrah 1-3.pdf",19,db4243563e313d1269e1a8e25b12c619d4896a20
Talia,"Talia, The Valley, Al Yufrah 1",Ready,Villa,2730000.0,14.0,1460.0,1873.0,3,2026-04-09,Individual (2 Times),False,"The Valley (All Phases), Al Yufrah 1-3.pdf",19,7049b0c33b98c8bcfdc52c47e5b2c5f4f8b167c1
Orania,"Orania, The Valley, Al Yufrah 1",Ready,Villa,2280000.0,41.0,1134.0,1904.0,3,2026-04-06,Individual (1 Time),False,"The Valley (All Phases), Al Yufrah 1-3.pdf",19,b0fe00159662eac3c3f21af13d4dfa4192f8ec94
Talia,"Talia, The Valley, Al Yufrah 1",Ready,Villa,3200000.0,68.0,1463.0,2772.0,4,2026-04-06,Individual (1 Time),False,"The Valley (All Phases), Al Yufrah 1-3.pdf",19,ed165567cc2b8781774e50949f456a80b17ec9b4
Nara,"Nara, The Valley, Al Yufrah 1",Ready,Villa,2999995.0,101.0,1457.0,1873.0,3,2026-04-06,Individual (1 Time),False,"The Valley (All Phases), Al Yufrah 1-3.pdf",19,bae19a065c0a66f4f634a95a81628149d2c89735
Eden,"Eden, The Valley, Al Yufrah 1",Ready,Villa,3350000.0,29.0,1430.0,2772.0,4,2026-04-03,Individual (2 Times),False,"The Valley (All Phases), Al Yufrah 1-3.pdf",20,7838185c799a30d2d8b24b769666b6e6880f9c8a
Rivana,"Rivana, The Valley, Al Yufrah 1",Offplan,Villa,4050000.0,19.0,1140.0,3588.0,4,2026-04-02,Individual (1 Time),False,"The Valley (All Phases), Al Yufrah 1-3.pdf",20,5cc707919f161a86ff841cdb6397ef2152efa493
Orania,"Orania, The Valley, Al Yufrah 1",Ready,Villa,4100000.0,82.0,1794.0,3834.0,4,2026-04-02,Individual (1 Time),False,"The Valley (All Phases), Al Yufrah 1-3.pdf",20,7cfbe0a077f022cc8799964de7bb77686037ab1b
Nara,"Nara, The Valley, Al Yufrah 1",Ready,Villa,3625000.0,10.0,1586.0,2750.0,4,2026-04-02,Individual (3 Times),False,"The Valley (All Phases), Al Yufrah 1-3.pdf",20,5047e2ae281a18bca4e035158cf237a64a2ef522
Alana,"Alana, The Valley, Al Yufrah 1",Ready,Villa,3900000.0,12.0,1042.0,3364.0,3,2026-03-31,Individual (1 Time),False,"The Valley (All Phases), Al Yufrah 1-3.pdf",20,42013010a8887f4cb7f99d429b3736149032669b
Elea,"Elea, The Valley, Al Yufrah 1",Ready,Villa,3667888.0,,1294.0,3621.0,4,2026-03-30,Developer,False,"The Valley (All Phases), Al Yufrah 1-3.pdf",20,d1dd4bc16851c7d0694f5ef9e2d4f2a6ba070f5e
Talia,"Talia, The Valley, Al Yufrah 1",Ready,Villa,2750000.0,45.0,1448.0,1873.0,3,2026-03-30,Individual (2 Times),False,"The Valley (All Phases), Al Yufrah 1-3.pdf",20,7df4a56da46323099da101f9d31c31331c4f9cfb
Nara,"Nara, The Valley, Al Yufrah 1",Ready,Villa,3300000.0,17.0,1476.0,2772.0,4,2026-03-28,Individual (2 Times),False,"The Valley (All Phases), Al Yufrah 1-3.pdf",20,d46390373c10b1e9dadfb1179f352e5f118f3df0
Nara,"Nara, The Valley, Al Yufrah 1",Ready,Villa,2850000.0,12.0,1367.0,1904.0,3,2026-03-27,Individual (3 Times),False,"The Valley (All Phases), Al Yufrah 1-3.pdf",20,c54c8b9f1cae7f18746038a75ef656996879ef6a
Orania,"Orania, The Valley, Al Yufrah 1",Ready,Villa,4000000.0,95.0,1777.0,3864.0,4,2026-03-27,Individual (1 Time),False,"The Valley (All Phases), Al Yufrah 1-3.pdf",20,a6d1dcd4b08fb76a8671d033e896164cbe1b7004
Orania,"Orania, The Valley, Al Yufrah 1",Ready,Villa,3750000.0,83.0,1640.0,3313.0,4,2026-03-27,Individual (1 Time),False,"The Valley (All Phases), Al Yufrah 1-3.pdf",20,daf857b3614378bf459ad011072a161ed44a1fd1
Nara,"Nara, The Valley, Al Yufrah 1",Ready,Villa,3450000.0,60.0,1525.0,2772.0,4,2026-03-26,Individual (2 Times),False,"The Valley (All Phases), Al Yufrah 1-3.pdf",20,dd21be6c1498542c7c1b2ff2b9fa9a29bc8e9936
Velora,"Velora, The Valley, Al Yufrah 1",Ready,Villa,3245888.0,,1189.0,2974.0,4,2026-03-25,Individual (1 Time),False,"The Valley (All Phases), Al Yufrah 1-3.pdf",20,01d2a31a9a2a1b0dd407249e0b17bfaacfaa37af
Nara,"Nara, The Valley, Al Yufrah 1",Ready,Villa,3400000.0,99.0,1502.0,2772.0,4,2026-03-25,Individual (1 Time),False,"The Valley (All Phases), Al Yufrah 1-3.pdf",21,b457708e096c4524e2acaccfd6002049ebee2975
Talia,"Talia, The Valley, Al Yufrah 1",Ready,Villa,4110000.0,102.0,1883.0,2772.0,4,2026-03-24,Individual (1 Time),False,"The Valley (All Phases), Al Yufrah 1-3.pdf",21,8032109ac1f015fbcdf6e9753d34603975a7c3c8
Nara,"Nara, The Valley, Al Yufrah 1",Ready,Villa,3470000.0,12.0,1585.0,2772.0,4,2026-03-24,Individual (2 Times),False,"The Valley (All Phases), Al Yufrah 1-3.pdf",21,04067bc6a7f823df5c7414343906fd8dc468da71
Orania,"Orania, The Valley, Al Yufrah 1",Ready,Villa,2800000.0,69.0,1427.0,1873.0,3,2026-03-23,Individual (1 Time),False,"The Valley (All Phases), Al Yufrah 1-3.pdf",21,58dc298b42de5bf41e2be3e691329d294a436e8e
Orania,"Orania, The Valley, Al Yufrah 1",Ready,Villa,2800000.0,81.0,1480.0,1873.0,3,2026-03-23,Individual (1 Time),False,"The Valley (All Phases), Al Yufrah 1-3.pdf",21,ec5b491e5c027ee601934f1a081bf6006c42129f
Orania,"Orania, The Valley, Al Yufrah 1",Ready,Villa,2900000.0,71.0,1533.0,1873.0,3,2026-03-18,Individual (2 Times),False,"The Valley (All Phases), Al Yufrah 1-3.pdf",21,31792a138d784374dcc111d9cd18042021fd3cd2
Avena,"Avena, The Valley, Al Yufrah 1",Offplan,Villa,4373888.0,,1179.0,3229.0,4,2026-03-18,Individual (1 Time),False,"The Valley (All Phases), Al Yufrah 1-3.pdf",21,88d317820ed17361d0fdc35b38c265d26ab60353
Rivana,"Rivana, The Valley, Al Yufrah 1",Offplan,Villa,4150000.0,23.0,1171.0,3348.0,4,2026-03-18,Individual (1 Time),False,"The Valley (All Phases), Al Yufrah 1-3.pdf",21,61970aa1e3ce65a06f9f8ba90450305b9cc4eaf2
Talia,"Talia, The Valley, Al Yufrah 1",Ready,Villa,2900000.0,66.0,1530.0,1881.0,3,2026-03-18,Individual (2 Times),False,"The Valley (All Phases), Al Yufrah 1-3.pdf",21,a3c556412b60e1d2a559467503b7965c4410d43b
Nara,"Nara, The Valley, Al Yufrah 1",Ready,Villa,3700000.0,99.0,1670.0,2772.0,4,2026-03-18,Individual (2 Times),False,"The Valley (All Phases), Al Yufrah 1-3.pdf",21,8291d1cf4f1b127824740b304113a73db297f40a
Lillia,"Lillia, The Valley, Al Yufrah 1",Offplan,Villa,2525000.0,15.0,1188.0,1483.0,3,2026-03-17,Individual (2 Times),False,"The Valley (All Phases), Al Yufrah 1-3.pdf",21,a7711db48f9e6920f71c19abf6a65c86cac463ff
Orania,"Orania, The Valley, Al Yufrah 1",Ready,Villa,2750000.0,46.0,1397.0,1873.0,3,2026-03-17,Individual (2 Times),False,"The Valley (All Phases), Al Yufrah 1-3.pdf",21,fc63c633987c23202d490a7f51af99af5d563789
Talia,"Talia, The Valley, Al Yufrah 1",Ready,Villa,2900000.0,86.0,1423.0,1873.0,3,2026-03-17,Individual (1 Time),False,"The Valley (All Phases), Al Yufrah 1-3.pdf",21,9518ce046a0c41ad2ac6866691c407c6b6b6557a
Orania,"Orania, The Valley, Al Yufrah 1",Ready,Villa,3800000.0,72.0,1685.0,2771.0,4,2026-03-16,Individual (1 Time),False,"The Valley (All Phases), Al Yufrah 1-3.pdf",22,54864afadfda2f0e7bc7eb1717cdaae3d0b40849
Talia,"Talia, The Valley, Al Yufrah 1",Ready,Villa,3000000.0,96.0,1424.0,1873.0,3,2026-03-13,Individual (1 Time),False,"The Valley (All Phases), Al Yufrah 1-3.pdf",22,75d93bd444a5b995df7898886f5a5aec6a5d315d
Nara,"Nara, The Valley, Al Yufrah 1",Ready,Villa,2850000.0,27.0,1349.0,1873.0,3,2026-03-13,Individual (2 Times),False,"The Valley (All Phases), Al Yufrah 1-3.pdf",22,e2d04b1d8141571c8dcc374fd1a470ccb8d39d01
Nara,"Nara, The Valley, Al Yufrah 1",Ready,Villa,2800000.0,97.0,1343.0,1904.0,3,2026-03-12,Individual (2 Times),False,"The Valley (All Phases), Al Yufrah 1-3.pdf",22,162e0922c4c103fd9c6958e0111806d779a36cde
Venera,"Venera, The Valley, Al Yufrah 1",Offplan,Villa,3359888.0,,1249.0,3177.0,4,2026-03-12,Individual (1 Time),False,"The Valley (All Phases), Al Yufrah 1-3.pdf",22,ec0b6a001a9d77ccc7d47cf43f9debb1e136e8c9
Talia,"Talia, The Valley, Al Yufrah 1",Ready,Villa,3600000.0,83.0,1646.0,2772.0,4,2026-03-12,Individual (1 Time),False,"The Valley (All Phases), Al Yufrah 1-3.pdf",22,90c1320d828e9b6af166e0330f119497ab2054cf
Nara,"Nara, The Valley, Al Yufrah 1",Ready,Villa,3200000.0,129.0,1703.0,1873.0,3,2026-03-11,Individual (1 Time),False,"The Valley (All Phases), Al Yufrah 1-3.pdf",22,8a7999cf8741b98130bffe947254ccbc717c9402
Vindera,"Vindera, The Valley, Al Yufrah 1",Ready,Villa,4300888.0,,1479.0,2971.0,4,2026-03-11,Developer,False,"The Valley (All Phases), Al Yufrah 1-3.pdf",22,5678b1564487e0784306fac73b8ca58fa51a2c5b
Orania,"Orania, The Valley, Al Yufrah 1",Ready,Villa,2775000.0,39.0,1449.0,1873.0,3,2026-03-11,Individual (2 Times),False,"The Valley (All Phases), Al Yufrah 1-3.pdf",22,31f438eea7401007269074880a4e933ec80d3fa2
Alana,"Alana, The Valley, Al Yufrah 1",Ready,Villa,4451888.0,,1058.0,4395.0,4,2026-03-10,Individual (1 Time),False,"The Valley (All Phases), Al Yufrah 1-3.pdf",22,67e4c86ea9f52d28dca2fe3ffec02a4b5f31dfeb
Orania,"Orania, The Valley, Al Yufrah 1",Ready,Villa,2725000.0,33.0,1421.0,1873.0,3,2026-03-10,Individual (2 Times),False,"The Valley (All Phases), Al Yufrah 1-3.pdf",22,36cce58025d54b61fbbe5dbbac5e647fc5f3110e
Vindera,"Vindera, The Valley, Al Yufrah 1",Ready,Villa,3137888.0,,1309.0,1793.0,3,2026-03-09,Developer,False,"The Valley (All Phases), Al Yufrah 1-3.pdf",22,d45731d18d263a29b707b1a720adddbb52bfaaf3
Nima,"Nima, The Valley, Al Yufrah 1",Offplan,Villa,2700000.0,18.0,1142.0,2013.0,3,2026-03-07,Individual (1 Time),False,"The Valley (All Phases), Al Yufrah 1-3.pdf",22,a678e8ffe9d2cf76f8b867e3c55169ce55171d48
Nara,"Nara, The Valley, Al Yufrah 1",Ready,Villa,2950000.0,117.0,1546.0,1873.0,3,2026-03-06,Individual (1 Time),False,"The Valley (All Phases), Al Yufrah 1-3.pdf",23,03cef1e9ef174fe10d1fdfb21cb5dc627d4416c2
Orania,"Orania, The Valley, Al Yufrah 1",Ready,Villa,2600000.0,73.0,1374.0,1873.0,3,2026-03-06,Individual (1 Time),False,"The Valley (All Phases), Al Yufrah 1-3.pdf",23,58829b25b76d3b86610ba1be8dced68844255812
Orania,"Orania, The Valley, Al Yufrah 1",Ready,Villa,2600000.0,70.0,1356.0,1873.0,3,2026-03-06,Individual (1 Time),False,"The Valley (All Phases), Al Yufrah 1-3.pdf",23,cfb872d47504548b2e89b96f755b16b5f2d8eb66
Nara,"Nara, The Valley, Al Yufrah 1",Ready,Villa,2850000.0,54.0,1349.0,1873.0,3,2026-03-06,Individual (2 Times),False,"The Valley (All Phases), Al Yufrah 1-3.pdf",23,b680c3c4963c1e1356fad0aabacf88bd48fe2718
Talia,"Talia, The Valley, Al Yufrah 1",Ready,Villa,2927000.0,72.0,1389.0,1873.0,3,2026-03-05,Individual (2 Times),False,"The Valley (All Phases), Al Yufrah 1-3.pdf",23,cd2d9a5ef5d8d1ab640d5ddd46079d357ed95dbe
Farm Grove,"Farm Grove, The Valley, Al Yufrah 1",Offplan,Villa,4758888.0,,1267.0,3310.0,4,2026-03-03,Individual (1 Time),False,"The Valley (All Phases), Al Yufrah 1-3.pdf",23,58ec0c0e6ad7c42f9718024296f70a8f6dde5300
Orania,"Orania, The Valley, Al Yufrah 1",Ready,Villa,2940000.0,68.0,1486.0,1873.0,3,2026-03-03,Individual (1 Time),False,"The Valley (All Phases), Al Yufrah 1-3.pdf",23,05f2525ea772a332587d2f02b474fb393053a0c8
Nara,"Nara, The Valley, Al Yufrah 1",Ready,Villa,2870000.0,104.0,1391.0,1873.0,3,2026-02-27,Individual (1 Time),False,"The Valley (All Phases), Al Yufrah 1-3.pdf",23,9fc46e98b577de6de65416d3924a093f49201b1d
Nara,"Nara, The Valley, Al Yufrah 1",Ready,Villa,2562500.0,71.0,1357.0,1873.0,3,2026-02-27,Individual (1 Time),False,"The Valley (All Phases), Al Yufrah 1-3.pdf",23,d0aac1d9b5e60a9b71e94115278ec1ee69bab0ec
Orania,"Orania, The Valley, Al Yufrah 1",Ready,Villa,2965000.0,56.0,1540.0,1904.0,3,2026-02-27,Individual (2 Times),False,"The Valley (All Phases), Al Yufrah 1-3.pdf",23,e13422b04a6ca58cb68caba5dbb02dbfffaf556a
Farm Grove,"Farm Grove, The Valley, Al Yufrah 1",Offplan,Villa,4751888.0,,1270.0,3391.0,4,2026-02-27,Individual (1 Time),False,"The Valley (All Phases), Al Yufrah 1-3.pdf",23,a6da535059087a0872fbd982bea9315db0490551
Farm Gardens 2,"Farm Gardens 2, The Valley, Al Yufrah 1",Offplan,Villa,7930000.0,2.0,1194.0,8783.0,4,2026-02-26,Individual (1 Time),False,"The Valley (All Phases), Al Yufrah 1-3.pdf",23,ca2eccbfc79ca5ecc328a375afc3c793911f04ac
Alana,"Alana, The Valley, Al Yufrah 1",Ready,Villa,2361220.0,,631.0,3273.0,3,2026-02-25,Individual (2 Times),False,"The Valley (All Phases), Al Yufrah 1-3.pdf",23,36bc2b9a7e661c4e5fe0ac497918fc2b0aacd78c
Elva,"Elva, The Valley, Al Yufrah 1",Ready,Villa,3111888.0,,1288.0,2019.0,3,2026-02-25,Developer,False,"The Valley (All Phases), Al Yufrah 1-3.pdf",24,b763ae5cdb0140cd3209b2cbafb2d6ba8aa628b7
Elora,"Elora, The Valley, Al Yufrah 1",Ready,Villa,2300000.0,7.0,1094.0,1483.0,3,2026-02-25,Individual (2 Times),False,"The Valley (All Phases), Al Yufrah 1-3.pdf",24,f66a4d4eb0e1c229a78357ca6ebb68b0d3274002
Alana,"Alana, The Valley, Al Yufrah 1",Ready,Villa,4250000.0,10.0,1142.0,3513.0,3,2026-02-25,Individual (2 Times),False,"The Valley (All Phases), Al Yufrah 1-3.pdf",24,96ec75b80ee25ec7f62647bdc71862fbdc96608e
Orania,"Orania, The Valley, Al Yufrah 1",Ready,Villa,2910000.0,35.0,1520.0,1873.0,3,2026-02-25,Individual (2 Times),False,"The Valley (All Phases), Al Yufrah 1-3.pdf",24,3059036df0c6a1967cf6edb8e2464d3e5112b1a6
Nara,"Nara, The Valley, Al Yufrah 1",Ready,Villa,2775000.0,90.0,1427.0,1904.0,3,2026-02-25,Individual (1 Time),False,"The Valley (All Phases), Al Yufrah 1-3.pdf",24,98f39dabfcce1a85b43990a6f775a7e25f04b4ee
Orania,"Orania, The Valley, Al Yufrah 1",Ready,Villa,2725000.0,37.0,1421.0,1873.0,3,2026-02-24,Individual (2 Times),False,"The Valley (All Phases), Al Yufrah 1-3.pdf",24,61a85258a5f59cf4f5c338ae8e7e99cdc7e21628
Talia,"Talia, The Valley, Al Yufrah 1",Ready,Villa,2850000.0,24.0,1501.0,1887.0,3,2026-02-24,Individual (2 Times),False,"The Valley (All Phases), Al Yufrah 1-3.pdf",24,9380e51625b6ace74dc080986ce082d7b3404ef2
Rivana,"Rivana, The Valley, Al Yufrah 1",Offplan,Villa,5450000.0,10.0,1200.0,5323.0,5,2026-02-23,Individual (3 Times),False,"The Valley (All Phases), Al Yufrah 1-3.pdf",24,a380068c5690bf263a0d15ddb51a1c2c2614ea6b
Nima,"Nima, The Valley, Al Yufrah 1",Offplan,Villa,2760000.0,19.0,1130.0,1873.0,3,2026-02-23,Individual (1 Time),False,"The Valley (All Phases), Al Yufrah 1-3.pdf",24,11b59e7beacf750a30768f46d53733fc1bc5b1be
Talia,"Talia, The Valley, Al Yufrah 1",Ready,Villa,3450000.0,60.0,1537.0,2750.0,4,2026-02-23,Individual (2 Times),False,"The Valley (All Phases), Al Yufrah 1-3.pdf",24,2ab252a36d99b0384eea92d8aa900dbc96555197
Nara,"Nara, The Valley, Al Yufrah 1",Ready,Villa,3500000.0,290.0,1599.0,2772.0,4,2026-02-23,Individual (2 Times),False,"The Valley (All Phases), Al Yufrah 1-3.pdf",24,ae6c29ae09d3a187e44b9357783539feb0eed8e1
Nara,"Nara, The Valley, Al Yufrah 1",Ready,Villa,3670000.0,104.0,1605.0,2772.0,4,2026-02-21,Individual (1 Time),False,"The Valley (All Phases), Al Yufrah 1-3.pdf",24,220a51f95d9fe851b76c84b4c896253dbcfee18f
Farm Gardens 2,"Farm Gardens 2, The Valley, Al Yufrah 1",Offplan,Villa,7897746.0,2.0,1235.0,8925.0,4,2026-02-20,Individual (1 Time),False,"The Valley (All Phases), Al Yufrah 1-3.pdf",24,fca46e012b9489cba8b025b7ad00bfe369f8937c
Velora 2,"Velora 2, The Valley, Al Yufrah 1",Ready,Villa,3850000.0,7.0,1429.0,2972.0,4,2026-02-19,Individual (1 Time),False,"The Valley (All Phases), Al Yufrah 1-3.pdf",25,62c6f560d0e70b1fa81915248c0b632e0e71ef12
Vindera,"Vindera, The Valley, Al Yufrah 1",Ready,Villa,3121888.0,,1299.0,1786.0,3,2026-02-18,Developer,False,"The Valley (All Phases), Al Yufrah 1-3.pdf",25,32fa04b048a3b45a9cfe0e55b0211660a4e8b4ea
Velora,"Velora, The Valley, Al Yufrah 1",Ready,Villa,3100000.0,9.0,1150.0,2971.0,4,2026-02-18,Individual (1 Time),False,"The Valley (All Phases), Al Yufrah 1-3.pdf",25,98df7e34e282dd4bbcabbe978c26707d466cf2c3
